Country Name,Country Code,Indicator Name,Indicator Code,2015,2016,2017,2018,2019,2020,2021
Aruba,ABW,"Population, total",SP.POP.TOTL,104257,104874,105439,105962,106442,106585,106537
Africa Eastern and Southern,AFE,"Population, total",SP.POP.TOTL,600008150,616377331,632746296,649756874,667242712,685112705,702976832
Afghanistan,AFG,"Population, total",SP.POP.TOTL,33753499,34636207,35643418,36686784,37769499,38972230,40099462
Africa Western and Central,AFW,"Population, total",SP.POP.TOTL,408690375,419778384,431138704,442646825,454306063,466189102,478185907
Angola,AGO,"Population, total",SP.POP.TOTL,28127721,29154746,30208628,31273533,32353588,33428486,34503774
Albania,ALB,"Population, total",SP.POP.TOTL,2880703,2876101,2873457,2866376,2854191,2837849,2811666
Andorra,AND,"Population, total",SP.POP.TOTL,71746,72540,73837,75013,76343,77700,79034
Arab World,ARB,"Population, total",SP.POP.TOTL,406501999,415077960,423664839,432545676,441467739,449228296,456520777
United Arab Emirates,ARE,"Population, total",SP.POP.TOTL,8916899,8994263,9068296,9140169,9211657,9287289,9365145
Argentina,ARG,"Population, total",SP.POP.TOTL,43131966,43590368,44044811,44494502,44938712,45376763,45808747
Armenia,ARM,"Population, total",SP.POP.TOTL,2878595,2865835,2851923,2836557,2820602,2805608,2790974
American Samoa,ASM,"Population, total",SP.POP.TOTL,51368,50448,49463,48424,47321,46189,45035
Antigua and Barbuda,ATG,"Population, total",SP.POP.TOTL,89941,90564,91119,91626,92117,92664,93219
Australia,AUS,"Population, total",SP.POP.TOTL,23815995,24190907,24594202,24966643,25340217,25655289,25688079
Austria,AUT,"Population, total",SP.POP.TOTL,8642699,8736668,8797566,8840521,8879920,8916864,8955797
Azerbaijan,AZE,"Population, total",SP.POP.TOTL,9649341,9757812,9854033,9939771,10024283,10093121,10137750
Burundi,BDI,"Population, total",SP.POP.TOTL,10727148,10903327,11155593,11493472,11874838,12220227,12551213
Belgium,BEL,"Population, total",SP.POP.TOTL,11274196,11331422,11375158,11427054,11488980,11538604,11592952
Benin,BEN,"Population, total",SP.POP.TOTL,10932783,11260085,11596779,11940683,12290444,12643123,12996895
Burkina Faso,BFA,"Population, total",SP.POP.TOTL,18718019,19275498,19835858,20392723,20951639,21522626,22100683
Bangladesh,BGD,"Population, total",SP.POP.TOTL,157830000,159784568,161793964,163683958,165516222,167420951,169356251
Bulgaria,BGR,"Population, total",SP.POP.TOTL,7177991,7127822,7075947,7025037,6975761,6934015,6877743
Bahrain,BHR,"Population, total",SP.POP.TOTL,1362142,1409661,1456834,1487340,1494188,1477469,1463265
"Bahamas, The",BHS,"Population, total",SP.POP.TOTL,392697,395976,399020,401906,404557,406471,407906
Bosnia and Herzegovina,BIH,"Population, total",SP.POP.TOTL,3524324,3480986,3440027,3400129,3360711,3318407,3270943
Belarus,BLR,"Population, total",SP.POP.TOTL,9461076,9469379,9458989,9438785,9419758,9379952,9340314
Belize,BLZ,"Population, total",SP.POP.TOTL,359871,367313,374693,382066,389095,394921,400031
Bermuda,BMU,"Population, total",SP.POP.TOTL,65237,64554,63873,63918,63911,63893,63867
Bolivia,BOL,"Population, total",SP.POP.TOTL,11090085,11263015,11435533,11606905,11777315,11936162,12079472
Brazil,BRA,"Population, total",SP.POP.TOTL,205188205,206859578,208504960,210166592,211782878,213196304,214326223
Barbados,BRB,"Population, total",SP.POP.TOTL,278083,278649,279187,279688,280180,280693,281200
Brunei Darussalam,BRN,"Population, total",SP.POP.TOTL,421437,425994,430276,434274,438048,441725,445373
Bhutan,BTN,"Population, total",SP.POP.TOTL,743274,749761,756121,762096,767459,772506,777486
Botswana,BWA,"Population, total",SP.POP.TOTL,2305171,2352416,2401840,2451409,2499702,2546402,2588423
Central African Republic,CAF,"Population, total",SP.POP.TOTL,4819333,4904177,4996741,5094780,5209324,5343020,5457154
Canada,CAN,"Population, total",SP.POP.TOTL,35702908,36109487,36545236,37065084,37601230,38037204,38246108
Central Europe and the Baltics,CEB,"Population, total",SP.POP.TOTL,103257886,102994278,102740078,102538451,102398537,102180124,101430997
Switzerland,CHE,"Population, total",SP.POP.TOTL,8282396,8373338,8451840,8514329,8575280,8638167,8703405
Channel Islands,CHI,"Population, total",SP.POP.TOTL,162190,163721,165215,167259,169410,171113,172683
Chile,CHL,"Population, total",SP.POP.TOTL,17870124,18083879,18368577,18701450,19039485,19300315,19493184
China,CHN,"Population, total",SP.POP.TOTL,1379860000,1387790000,1396215000,1402760000,1407745000,1411100000,1412360000
Cote d'Ivoire,CIV,"Population, total",SP.POP.TOTL,23596741,24213622,24848016,25493988,26147551,26811790,27478249
Cameroon,CMR,"Population, total",SP.POP.TOTL,23012646,23711630,24393181,25076747,25782341,26491087,27198628
"Congo, Dem. Rep.",COD,"Population, total",SP.POP.TOTL,78656904,81430977,84283273,87087355,89906890,92853164,95894118
"Congo, Rep.",COG,"Population, total",SP.POP.TOTL,5064386,5186824,5312340,5441062,5570733,5702174,5835806
Colombia,COL,"Population, total",SP.POP.TOTL,47119728,47625955,48351671,49276961,50187406,50930662,51516562
Comoros,COM,"Population, total",SP.POP.TOTL,730216,746232,761664,776313,790986,806166,821625
Cabo Verde,CPV,"Population, total",SP.POP.TOTL,552166,558394,564954,571202,577030,582640,587925
Costa Rica,CRI,"Population, total",SP.POP.TOTL,4895242,4945205,4993842,5040734,5084532,5123105,5153957
Caribbean small states,CSS,"Population, total",SP.POP.TOTL,7224602,7265272,7303634,7374650,7424102,7444768,7481877
Cuba,CUB,"Population, total",SP.POP.TOTL,11339894,11342012,11336405,11328244,11316697,11300698,11256372
Curacao,CUW,"Population, total",SP.POP.TOTL,157980,159664,160175,159336,157441,154947,152369
Cayman Islands,CYM,"Population, total",SP.POP.TOTL,60911,62255,63581,64884,66134,67311,68136
Cyprus,CYP,"Population, total",SP.POP.TOTL,1187280,1197881,1208523,1218831,1228836,1237537,1244188
Czechia,CZE,"Population, total",SP.POP.TOTL,10546059,10566332,10594438,10629928,10671870,10697858,10505772
Germany,DEU,"Population, total",SP.POP.TOTL,81686611,82348669,82657002,82905782,83092962,83160871,83196078
Djibouti,DJI,"Population, total",SP.POP.TOTL,1006259,1023261,1040233,1057198,1073994,1090156,1105557
Dominica,DMA,"Population, total",SP.POP.TOTL,70007,70075,70403,70823,71428,71995,72412
Denmark,DNK,"Population, total",SP.POP.TOTL,5683483,5728010,5764980,5793636,5814422,5831404,5856733
Dominican Republic,DOM,"Population, total",SP.POP.TOTL,10405832,10527592,10647244,10765531,10881882,10999664,11117873
Algeria,DZA,"Population, total",SP.POP.TOTL,39543154,40339329,41136546,41927007,42705368,43451666,44177969
East Asia & Pacific (excluding high income),EAP,"Population, total",SP.POP.TOTL,2049809214,2065223450,2080968782,2094573278,2106439246,2116424876,2123673456
Early-demographic dividend,EAR,"Population, total",SP.POP.TOTL,3166642585,3210110979,3252529883,3294298709,3335463995,3375134276,3411889059
East Asia & Pacific,EAS,"Population, total",SP.POP.TOTL,2294507020,2310721864,2327134580,2341387076,2353862247,2363940425,2370204347
Europe & Central Asia (excluding high income),ECA,"Population, total",SP.POP.TOTL,391695432,394321096,396482489,398076771,399592320,400811771,401575218
Europe & Central Asia,ECS,"Population, total",SP.POP.TOTL,908123143,912374705,915855416,918782553,921179725,923103879,923777214
Ecuador,ECU,"Population, total",SP.POP.TOTL,16195902,16439585,16696944,17015672,17343740,17588595,17797737
"Egypt, Arab Rep.",EGY,"Population, total",SP.POP.TOTL,97723799,99784030,101789386,103740765,105618671,107465134,109262178
Euro area,EMU,"Population, total",SP.POP.TOTL,339514675,340509447,341246081,342065158,342452734,342913447,343067846
Eritrea,ERI,"Population, total",SP.POP.TOTL,3340006,3365287,3396933,3445374,3498818,3555868,3620312
Spain,ESP,"Population, total",SP.POP.TOTL,46444832,46484062,46593236,46797754,47134837,47365655,47415750
Estonia,EST,"Population, total",SP.POP.TOTL,1315407,1315790,1317384,1321977,1326898,1329522,1330932
Ethiopia,ETH,"Population, total",SP.POP.TOTL,102471895,105293228,108197950,111129438,114120594,117190911,120283026
European Union,EUU,"Population, total",SP.POP.TOTL,444570054,445515422,446215182,447001100,447367191,447692315,447199800
Fragile and conflict affected situations,FCS,"Population, total",SP.POP.TOTL,876118480,895949553,916099469,936387926,957446713,979418527,1001462452
Finland,FIN,"Population, total",SP.POP.TOTL,5479531,5495303,5508214,5515525,5521606,5529543,5541017
Fiji,FJI,"Population, total",SP.POP.TOTL,917200,918371,919019,918996,918465,920422,924610
France,FRA,"Population, total",SP.POP.TOTL,66548272,66724104,66918020,67158348,67388001,67571107,67749632
Faroe Islands,FRO,"Population, total",SP.POP.TOTL,48816,49500,50230,50955,51681,52415,52889
"Micronesia, Fed. Sts.",FSM,"Population, total",SP.POP.TOTL,109462,109925,110430,110929,111379,112106,113131
Gabon,GAB,"Population, total",SP.POP.TOTL,2028517,2086206,2140215,2192012,2242785,2292573,2341179
United Kingdom,GBR,"Population, total",SP.POP.TOTL,65116219,65611593,66058859,66460344,66836327,67081000,67326569
Georgia,GEO,"Population, total",SP.POP.TOTL,3725276,3727505,3728004,3726549,3720161,3722716,3708610
Ghana,GHA,"Population, total",SP.POP.TOTL,28870939,29554303,30222262,30870641,31522290,32180401,32833031
Gibraltar,GIB,"Population, total",SP.POP.TOTL,32520,32565,32602,32648,32685,32709,32669
Guinea,GIN,"Population, total",SP.POP.TOTL,11625998,11930985,12240789,12554864,12877539,13205153,13531906
"Gambia, The",GMB,"Population, total",SP.POP.TOTL,2253133,2317206,2381182,2444916,2508883,2573995,2639916
Guinea-Bissau,GNB,"Population, total",SP.POP.TOTL,1788919,1834552,1879826,1924955,1970457,2015828,2060721
Equatorial Guinea,GNQ,"Population, total",SP.POP.TOTL,1346973,1398927,1450694,1502091,1553031,1596049,1634466
Greece,GRC,"Population, total",SP.POP.TOTL,10820883,10775971,10754679,10732882,10721582,10698599,10641221
Grenada,GRD,"Population, total",SP.POP.TOTL,118980,119966,120921,121838,122724,123663,124610
Greenland,GRL,"Population, total",SP.POP.TOTL,56114,56186,56171,56023,56225,56367,56653
Guatemala,GTM,"Population, total",SP.POP.TOTL,15567419,15827690,16087418,16346950,16604026,16858333,17109746
Guam,GUM,"Population, total",SP.POP.TOTL,167978,168346,168606,168678,168624,169231,170534
Guyana,GUY,"Population, total",SP.POP.TOTL,755031,759087,763252,785514,798753,797202,804567
High income,HIC,"Population, total",SP.POP.TOTL,1211637779,1218545401,1224733163,1230678232,1235869243,1240900955,1240629858
"Hong Kong SAR, China",HKG,"Population, total",SP.POP.TOTL,7291300,7336600,7393200,7452600,7507900,7481000,7413100
Honduras,HND,"Population, total",SP.POP.TOTL,9294505,9460798,9626842,9792850,9958829,10121763,10278345
Heavily indebted poor countries (HIPC),HPC,"Population, total",SP.POP.TOTL,727129254,748356635,770390212,792615894,815100831,838066650,861156745
Croatia,HRV,"Population, total",SP.POP.TOTL,4203604,4174349,4124531,4087843,4065253,4047680,3899000
Haiti,HTI,"Population, total",SP.POP.TOTL,10563757,10713849,10863543,11012421,11160438,11306801,11447569
Hungary,HUN,"Population, total",SP.POP.TOTL,9843028,9814023,9787966,9775564,9771141,9750149,9709891
IBRD only,IBD,"Population, total",SP.POP.TOTL,4686050627,4731948335,4776473096,4817627754,4855633857,4889761166,4917520297
IDA & IBRD total,IBT,"Population, total",SP.POP.TOTL,6241291929,6321324033,6401367406,6479097294,6554880269,6628067973,6695397735
IDA total,IDA,"Population, total",SP.POP.TOTL,1555241302,1589375698,1624894310,1661469540,1699246412,1738306807,1777877438
IDA blend,IDB,"Population, total",SP.POP.TOTL,527175885,537358412,547984961,559155599,570633332,582637127,595016031
Indonesia,IDN,"Population, total",SP.POP.TOTL,259091970,261850182,264498852,267066843,269582878,271857970,273753191
IDA only,IDX,"Population, total",SP.POP.TOTL,1028065417,1052017286,1076909349,1102313941,1128613080,1155669680,1182861407
Isle of Man,IMN,"Population, total",SP.POP.TOTL,83593,83450,83580,83775,83933,84046,84263
India,IND,"Population, total",SP.POP.TOTL,1322866505,1338636340,1354195680,1369003306,1383112050,1396387127,1407563842
Not classified,INX,"Population, total",SP.POP.TOTL,,,,,,,
Ireland,IRL,"Population, total",SP.POP.TOTL,4701957,4755335,4807388,4867316,4934340,4985382,5033165
"Iran, Islamic Rep.",IRN,"Population, total",SP.POP.TOTL,81790841,83306231,84505076,85617562,86564202,87290193,87923432
Iraq,IRQ,"Population, total",SP.POP.TOTL,37757813,38697943,39621162,40590700,41563520,42556984,43533592
Iceland,ISL,"Population, total",SP.POP.TOTL,330815,335439,343400,352721,360563,366463,372520
Israel,ISR,"Population, total",SP.POP.TOTL,8380100,8546000,8713300,8882800,9054000,9215100,9364000
Italy,ITA,"Population, total",SP.POP.TOTL,60730582,60627498,60536709,60421760,59729081,59438851,59109668
Jamaica,JAM,"Population, total",SP.POP.TOTL,2794445,2802695,2808376,2811835,2813773,2820436,2827695
Jordan,JOR,"Population, total",SP.POP.TOTL,9494246,9964656,10215381,10459865,10698683,10928721,11148278
Japan,JPN,"Population, total",SP.POP.TOTL,127141000,127076000,126972000,126811000,126633000,126261000,125681593
Kazakhstan,KAZ,"Population, total",SP.POP.TOTL,17542806,17794055,18037776,18276452,18513673,18755666,19000988
Kenya,KEN,"Population, total",SP.POP.TOTL,46851488,47894670,48948137,49953304,50951450,51985780,53005614
Kyrgyz Republic,KGZ,"Population, total",SP.POP.TOTL,5956900,6079500,6198200,6322800,6456200,6579900,6691800
Cambodia,KHM,"Population, total",SP.POP.TOTL,15417523,15624584,15830689,16025238,16207746,16396860,16589023
Kiribati,KIR,"Population, total",SP.POP.TOTL,116707,118513,120362,122261,124241,126463,128874
St. Kitts and Nevis,KNA,"Population, total",SP.POP.TOTL,47790,47788,47785,47761,47712,47642,47606
"Korea, Rep.",KOR,"Population, total",SP.POP.TOTL,51014947,51217803,51361911,51585058,51764822,51836239,51744876
Kuwait,KWT,"Population, total",SP.POP.TOTL,3908743,4048085,4124904,4317185,4441100,4360444,4250114
Latin America & Caribbean (excluding high income),LAC,"Population, total",SP.POP.TOTL,559317823,565136972,571144463,577406030,583500375,588808380,593308001
Lao PDR,LAO,"Population, total",SP.POP.TOTL,6787419,6891363,6997917,7105006,7212053,7319399,7425057
Lebanon,LBN,"Population, total",SP.POP.TOTL,6398940,6258619,6109252,5950839,5781907,5662923,5592631
Liberia,LBR,"Population, total",SP.POP.TOTL,4612329,4706097,4796631,4889391,4985289,5087584,5193416
Libya,LBY,"Population, total",SP.POP.TOTL,6192235,6282196,6378261,6477793,6569088,6653942,6735277
St. Lucia,LCA,"Population, total",SP.POP.TOTL,175623,176413,177163,177888,178583,179237,179651
Latin America & Caribbean,LCN,"Population, total",SP.POP.TOTL,621390109,627668470,633797190,639628226,645295804,650534967,654981699
Least developed countries: UN classification,LDC,"Population, total",SP.POP.TOTL,951928215,975265947,999288864,1023493788,1048193552,1073743450,1099568566
Low income,LIC,"Population, total",SP.POP.TOTL,610047256,626382245,643485701,661256583,680013468,699186538,718255072
Liechtenstein,LIE,"Population, total",SP.POP.TOTL,37355,37609,37889,38181,38482,38756,39039
Sri Lanka,LKA,"Population, total",SP.POP.TOTL,20970000,21203000,21444000,21670000,21803000,21919000,22156000
Lower middle income,LMC,"Population, total",SP.POP.TOTL,3134736445,3180221060,3225575822,3270214763,3313903477,3357118135,3398187527
Low & middle income,LMY,"Population, total",SP.POP.TOTL,6162743397,6242647248,6322861019,6401272453,6477841008,6551590116,6619578961
Lesotho,LSO,"Population, total",SP.POP.TOTL,2118521,2143872,2170617,2198017,2225702,2254100,2281454
Late-demographic dividend,LTE,"Population, total",SP.POP.TOTL,2258039271,2272117455,2286564636,2298987320,2309491520,2317277311,2321862159
Lithuania,LTU,"Population, total",SP.POP.TOTL,2904910,2868231,2828403,2801543,2794137,2794885,2800839
Luxembourg,LUX,"Population, total",SP.POP.TOTL,569604,582014,596336,607950,620001,630419,640064
Latvia,LVA,"Population, total",SP.POP.TOTL,1977527,1959537,1942248,1927174,1913822,1900449,1884490
"Macao SAR, China",MAC,"Population, total",SP.POP.TOTL,615239,626688,638609,650991,663653,676283,686607
St. Martin (French part),MAF,"Population, total",SP.POP.TOTL,35020,34811,34496,33852,33121,32553,31948
Morocco,MAR,"Population, total",SP.POP.TOTL,34680458,35107264,35528115,35927511,36304408,36688772,37076584
Monaco,MCO,"Population, total",SP.POP.TOTL,36760,37071,37044,37029,37034,36922,36686
Moldova,MDA,"Population, total",SP.POP.TOTL,2835978,2803186,2755189,2707203,2664224,2635130,2615199
Madagascar,MDG,"Population, total",SP.POP.TOTL,24850912,25501941,26169542,26846541,27533134,28225177,28915653
Maldives,MDV,"Population, total",SP.POP.TOTL,435582,454252,472442,489758,504508,514438,521457
Middle East & North Africa,MEA,"Population, total",SP.POP.TOTL,440506473,448917409,456885486,465073490,473201775,479966649,486167363
Mexico,MEX,"Population, total",SP.POP.TOTL,120149897,121519221,122839258,124013861,125085311,125998302,126705138
Marshall Islands,MHL,"Population, total",SP.POP.TOTL,49410,48329,47187,45989,44728,43413,42050
Middle income,MIC,"Population, total",SP.POP.TOTL,5552696141,5616265003,5679375318,5740015870,5797827540,5852403578,5901323889
North Macedonia,MKD,"Population, total",SP.POP.TOTL,2070226,2072490,2074502,2076217,2076694,2072531,2065092
Mali,MLI,"Population, total",SP.POP.TOTL,18112907,18700106,19311355,19934298,20567424,21224040,21904983
Malta,MLT,"Population, total",SP.POP.TOTL,445053,455356,467999,484630,504062,515332,518536
Myanmar,MMR,"Population, total",SP.POP.TOTL,51483949,51892349,52288341,52666014,53040212,53423198,53798084
Middle East & North Africa (excluding high income),MNA,"Population, total",SP.POP.TOTL,378137339,385054538,391607422,398375344,405259403,411810124,418047201
Montenegro,MNE,"Population, total",SP.POP.TOTL,622159,622303,622373,622227,622028,621306,619211
Mongolia,MNG,"Population, total",SP.POP.TOTL,2964749,3029555,3096030,3163991,3232430,3294335,3347782
Northern Mariana Islands,MNP,"Population, total",SP.POP.TOTL,51514,51133,50729,50304,49858,49587,49481
Mozambique,MOZ,"Population, total",SP.POP.TOTL,26843246,27696493,28569441,29423878,30285595,31178239,32077072
Mauritania,MRT,"Population, total",SP.POP.TOTL,3946220,4051890,4160015,4270712,4383849,4498604,4614974
Mauritius,MUS,"Population, total",SP.POP.TOTL,1262605,1263473,1264613,1265303,1265711,1265740,1266060
Malawi,MWI,"Population, total",SP.POP.TOTL,16938942,17405624,17881167,18367883,18867337,19377061,19889742
Malaysia,MYS,"Population, total",SP.POP.TOTL,31068833,31526418,31975806,32399271,32804020,33199993,33573874
North America,NAC,"Population, total",SP.POP.TOTL,356507139,359245796,361731237,363967201,365995094,369602177,370203720
Namibia,NAM,"Population, total",SP.POP.TOTL,2282704,2323352,2364534,2405680,2446644,2489098,2530151
New Caledonia,NCL,"Population, total",SP.POP.TOTL,269460,270220,270810,271170,271230,271130,271030
Niger,NER,"Population, total",SP.POP.TOTL,20128124,20921743,21737922,22577058,23443393,24333639,25252722
Nigeria,NGA,"Population, total",SP.POP.TOTL,183995785,188666931,193495907,198387623,203304492,208327405,213401323
Nicaragua,NIC,"Population, total",SP.POP.TOTL,6298598,6389235,6480532,6572233,6663924,6755895,6850540
Netherlands,NLD,"Population, total",SP.POP.TOTL,16939923,17030314,17131296,17231624,17344874,17441500,17533044
Norway,NOR,"Population, total",SP.POP.TOTL,5188607,5234519,5276968,5311916,5347896,5379475,5408320
Nepal,NPL,"Population, total",SP.POP.TOTL,27610325,27861186,28183426,28506712,28832496,29348627,30034989
Nauru,NRU,"Population, total",SP.POP.TOTL,11185,11437,11682,11924,12132,12315,12511
New Zealand,NZL,"Population, total",SP.POP.TOTL,4609400,4714100,4813600,4900600,4979200,5090200,5122600
OECD members,OED,"Population, total",SP.POP.TOTL,1331743060,1340532342,1348646085,1356241793,1362922537,1370241530,1372736513
Oman,OMN,"Population, total",SP.POP.TOTL,4191776,4398070,4541854,4601157,4602768,4543399,4520471
Other small states,OSS,"Population, total",SP.POP.TOTL,29620768,30309723,30940039,31494217,32005203,32381190,32708003
Pakistan,PAK,"Population, total",SP.POP.TOTL,210969298,213524840,216379655,219731479,223293280,227196741,231402117
Panama,PAN,"Population, total",SP.POP.TOTL,3957099,4026336,4096063,4165255,4232532,4294396,4351267
Peru,PER,"Population, total",SP.POP.TOTL,30711863,31132779,31605486,32203944,32824861,33304756,33715471
Philippines,PHL,"Population, total",SP.POP.TOTL,103031365,104875266,106738501,108568836,110380804,112190977,113880328
Palau,PLW,"Population, total",SP.POP.TOTL,17794,17816,17837,17864,17916,17972,18024
Papua New Guinea,PNG,"Population, total",SP.POP.TOTL,8682174,8899169,9114796,9329227,9542486,9749640,9949437
Poland,POL,"Population, total",SP.POP.TOTL,37986412,37970087,37974826,37974750,37965475,37899070,37747124
Pre-demographic dividend,PRE,"Population, total",SP.POP.TOTL,856420253,880891473,905987912,931467165,957503246,984213438,1011043183
Puerto Rico,PRI,"Population, total",SP.POP.TOTL,3473232,3406672,3325286,3193354,3193694,3281538,3263584
"Korea, Dem. People's Rep.",PRK,"Population, total",SP.POP.TOTL,25258015,25389611,25516321,25638149,25755441,25867467,25971909
Portugal,PRT,"Population, total",SP.POP.TOTL,10358076,10325452,10300300,10283822,10286263,10297081,10325147
Paraguay,PRY,"Population, total",SP.POP.TOTL,6177950,6266615,6355404,6443328,6530026,6618695,6703799
West Bank and Gaza,PSE,"Population, total",SP.POP.TOTL,4270092,4367088,4454805,4569087,4685306,4803269,4922749
Pacific island small states,PSS,"Population, total",SP.POP.TOTL,2431426,2457814,2484263,2510226,2536070,2566819,2602173
Post-demographic dividend,PST,"Population, total",SP.POP.TOTL,1097061415,1102020063,1106214534,1110126741,1113310738,1117443485,1116796245
French Polynesia,PYF,"Population, total",SP.POP.TOTL,291787,293541,295450,297606,299717,301920,304032
Qatar,QAT,"Population, total",SP.POP.TOTL,2414573,2595166,2711755,2766732,2807235,2760385,2688235
Romania,ROU,"Population, total",SP.POP.TOTL,19815616,19702267,19588715,19473970,19371648,19265250,19119880
Russian Federation,RUS,"Population, total",SP.POP.TOTL,144096870,144342397,144496739,144477859,144406261,144073139,143449286
Rwanda,RWA,"Population, total",SP.POP.TOTL,11642959,11930899,12230339,12531808,12835028,13146362,13461888
South Asia,SAS,"Population, total",SP.POP.TOTL,1775178483,1796850154,1818868706,1840534093,1861598514,1882531620,1901911604
Saudi Arabia,SAU,"Population, total",SP.POP.TOTL,32749848,33416270,34193122,35018133,35827362,35997107,35950396
Sudan,SDN,"Population, total",SP.POP.TOTL,38171178,39377169,40679828,41999059,43232093,44440486,45657202
Senegal,SEN,"Population, total",SP.POP.TOTL,14356181,14751356,15157793,15574909,16000781,16436120,16876720
Singapore,SGP,"Population, total",SP.POP.TOTL,5535002,5607283,5612253,5638676,5703569,5685807,5453566
Solomon Islands,SLB,"Population, total",SP.POP.TOTL,612660,628102,643634,659249,674993,691191,707851
Sierra Leone,SLE,"Population, total",SP.POP.TOTL,7314773,7493913,7677565,7861281,8046828,8233970,8420641
El Salvador,SLV,"Population, total",SP.POP.TOTL,6231066,6250510,6266654,6276342,6280217,6292731,6314167
San Marino,SMR,"Population, total",SP.POP.TOTL,33570,33834,34056,34156,34178,34007,33745
Somalia,SOM,"Population, total",SP.POP.TOTL,13763906,14292847,14864221,15411094,15981300,16537016,17065581
Serbia,SRB,"Population, total",SP.POP.TOTL,7095383,7058322,7020858,6982604,6945235,6899126,6834326
Sub-Saharan Africa (excluding high income),SSA,"Population, total",SP.POP.TOTL,1008605106,1036061038,1063789157,1092306937,1121451150,1151203345,1181063481
South Sudan,SSD,"Population, total",SP.POP.TOTL,11194299,11066105,10658226,10395329,10447666,10606227,10748272
Sub-Saharan Africa,SSF,"Population, total",SP.POP.TOTL,1008698525,1036155715,1063885000,1092403699,1121548775,1151301807,1181162739
Small states,SST,"Population, total",SP.POP.TOTL,39276796,40032809,40727936,41379093,41965375,42392777,42792053
Sao Tome and Principe,STP,"Population, total",SP.POP.TOTL,201124,204632,208036,211344,214599,218641,223107
Suriname,SUR,"Population, total",SP.POP.TOTL,575475,581453,587559,593715,600301,607065,612985
Slovak Republic,SVK,"Population, total",SP.POP.TOTL,5423801,5430798,5439232,5446771,5454147,5458827,5447247
Slovenia,SVN,"Population, total",SP.POP.TOTL,2063531,2065042,2066388,2073894,2088385,2102419,2108079
Sweden,SWE,"Population, total",SP.POP.TOTL,9799186,9923085,10057698,10175214,10278887,10353442,10415811
Eswatini,SWZ,"Population, total",SP.POP.TOTL,1133936,1142524,1151390,1160428,1169613,1180655,1192271
Sint Maarten (Dutch part),SXM,"Population, total",SP.POP.TOTL,38825,39969,40574,40895,41608,42310,42846
Seychelles,SYC,"Population, total",SP.POP.TOTL,93419,94677,95843,96762,97625,98462,99258
Syrian Arab Republic,SYR,"Population, total",SP.POP.TOTL,19205178,18964252,18983373,19333463,20098251,20772595,21324367
Turks and Caicos Islands,TCA,"Population, total",SP.POP.TOTL,36538,38246,39844,41487,43080,44276,45114
Chad,TCD,"Population, total",SP.POP.TOTL,14140274,14592585,15085884,15604210,16126866,16644701,17179740
East Asia & Pacific (IDA & IBRD countries),TEA,"Population, total",SP.POP.TOTL,2024511016,2039794828,2055414680,2068898629,2080648616,2090523535,2097669023
Europe & Central Asia (IDA & IBRD countries),TEC,"Population, total",SP.POP.TOTL,453701064,456167799,458170561,459613334,460994696,462023771,462341222
Togo,TGO,"Population, total",SP.POP.TOTL,7473229,7661354,7852795,8046679,8243094,8442580,8644829
Thailand,THA,"Population, total",SP.POP.TOTL,70294397,70607037,70898202,71127802,71307763,71475664,71601103
Tajikistan,TJK,"Population, total",SP.POP.TOTL,8524063,8725318,8925525,9128132,9337003,9543207,9750064
Turkmenistan,TKM,"Population, total",SP.POP.TOTL,5766431,5868561,5968383,6065066,6158420,6250438,6341855
Latin America & the Caribbean (IDA & IBRD countries),TLA,"Population, total",SP.POP.TOTL,605335594,611668087,617875842,623841282,629515571,634680385,639188695
Timor-Leste,TLS,"Population, total",SP.POP.TOTL,1205813,1224562,1243235,1261845,1280438,1299995,1320942
Middle East & North Africa (IDA & IBRD countries),TMN,"Population, total",SP.POP.TOTL,373867247,380687450,387152617,393806257,400574097,407006855,413124452
Tonga,TON,"Population, total",SP.POP.TOTL,106122,105707,105415,105150,104951,105254,106017
South Asia (IDA & IBRD),TSA,"Population, total",SP.POP.TOTL,1775178483,1796850154,1818868706,1840534093,1861598514,1882531620,1901911604
Sub-Saharan Africa (IDA & IBRD countries),TSS,"Population, total",SP.POP.TOTL,1008698525,1036155715,1063885000,1092403699,1121548775,1151301807,1181162739
Trinidad and Tobago,TTO,"Population, total",SP.POP.TOTL,1460177,1469330,1478607,1504709,1519955,1518147,1525663
Tunisia,TUN,"Population, total",SP.POP.TOTL,11557779,11685667,11811443,11933041,12049314,12161723,12262946
Turkiye,TUR,"Population, total",SP.POP.TOTL,79646178,81019394,82089826,82809304,83481684,84135428,84775404
Tuvalu,TUV,"Population, total",SP.POP.TOTL,10877,10852,10828,10865,10956,11069,11204
Tanzania,TZA,"Population, total",SP.POP.TOTL,52542823,54401802,56267032,58090443,59872579,61704518,63588334
Uganda,UGA,"Population, total",SP.POP.TOTL,37477356,38748299,40127085,41515395,42949080,44404611,45853778
Ukraine,UKR,"Population, total",SP.POP.TOTL,45154036,45004673,44831135,44622518,44386203,44132049,43792855
Upper middle income,UMC,"Population, total",SP.POP.TOTL,2417959696,2436043943,2453799496,2469801107,2483924063,2495285443,2503136362
Uruguay,URY,"Population, total",SP.POP.TOTL,3402818,3413766,3422200,3427042,3428409,3429086,3426260
United States,USA,"Population, total",SP.POP.TOTL,320738994,323071755,325122128,326838199,328329953,331501080,331893745
Uzbekistan,UZB,"Population, total",SP.POP.TOTL,31298900,31847900,32388600,32956100,33580350,34232050,34915100
St. Vincent and the Grenadines,VCT,"Population, total",SP.POP.TOTL,106482,105963,105549,105281,104924,104632,104332
"Venezuela, RB",VEN,"Population, total",SP.POP.TOTL,30529716,30741464,30563433,29825653,28971683,28490453,28199867
British Virgin Islands,VGB,"Population, total",SP.POP.TOTL,29366,29739,30060,30335,30610,30910,31122
Virgin Islands (U.S.),VIR,"Population, total",SP.POP.TOTL,107712,107516,107281,107001,106669,106290,105870
Vietnam,VNM,"Population, total",SP.POP.TOTL,92191398,93126529,94033048,94914330,95776716,96648685,97468029
Vanuatu,VUT,"Population, total",SP.POP.TOTL,276438,283218,290239,297298,304404,311685,319137
World,WLD,"Population, total",SP.POP.TOTL,7404910892,7491934113,7578157615,7661776338,7742681934,7820981524,7888408686
Samoa,WSM,"Population, total",SP.POP.TOTL,203571,205544,207630,209701,211905,214929,218764
Kosovo,XKX,"Population, total",SP.POP.TOTL,1788196,1777557,1791003,1797085,1788878,1790133,1786038
"Yemen, Rep.",YEM,"Population, total",SP.POP.TOTL,28516545,29274002,30034389,30790513,31546691,32284046,32981641
South Africa,ZAF,"Population, total",SP.POP.TOTL,55876504,56422274,56641209,57339635,58087055,58801927,59392255
Zambia,ZMB,"Population, total",SP.POP.TOTL,16248230,16767761,17298054,17835893,18380477,18927715,19473125
Zimbabwe,ZWE,"Population, total",SP.POP.TOTL,14154937,14452704,14751101,15052184,15354608,15669666,15993524
