,Country Name,Year,Renewables Value,Renewables Share,Non-Renewables Value,Non-Renewables Share,CO2 Emissions,Particulate Matter,Respiratory Death Rate
0,Argentina,2015,33567.573,0.2471049158618809,104023.26,0.7528950841381191,191743840.0,13.940000000000001,34.86
1,Argentina,2016,31013.883,0.2136717540988577,108158.284,0.7863281663159213,189920430.0,13.690000000000001,35.81
2,Argentina,2017,33292.217,0.2499919925078557,104623.013,0.7500080074921444,186898880.0,13.008000000000001,35.94
3,Argentina,2018,34652.21956,0.3241077534041983,104535.897342,0.6758922466862889,180599330.0,12.384,35.09
4,Argentina,2019,34524.081521,0.2753382843340587,97938.231521,0.7246617156659413,178511620.0,11.831999999999999,34.85
5,Australia,2010,24610.86,0.131765501426473,212014.138,0.868234498573527,405103330.0,8.925999999999998,24.23
6,Australia,2011,25078.374,0.1037019106764588,213905.512,0.8962980367706366,403828770.0,7.992,24.37
7,Australia,2012,29876.966,0.1296260910494636,206632.233,0.8703738591633219,406150900.0,7.242,24.19
8,Australia,2013,35667.676,0.1676779907166397,195695.324,0.8323220615274693,397887460.0,7.168000000000001,24.14
9,Australia,2014,32869.815,0.1259242415280549,205342.418,0.8740758066383741,393952900.0,6.837999999999999,24.48
10,Australia,2015,35033.856311,0.1431706182279981,206028.673386,0.8568293817720019,401793060.0,6.531999999999999,24.72
11,Australia,2016,43979.519863,0.1856202631776513,201931.847182,0.8143797368223488,411264300.0,6.609999999999999,24.32
12,Australia,2017,39298.654663,0.1585246074616004,205983.082267,0.8414753925860702,414358300.0,6.828,24.06
13,Australia,2018,50132.733078,0.2237377154562991,197637.065256,0.7762622844963423,416283800.0,7.054,24.27
14,Australia,2019,55675.459561,0.2487035720069428,196097.987605,0.7512964279474694,416356600.0,8.852,24.18
15,Austria,2010,45809.266,0.5722112005798711,21800.133,0.4277889589357374,72006410.0,16.034,17.61
16,Austria,2011,42207.865,0.5936172087179249,20283.87,0.4063827912820751,69893110.0,16.404,17.36
17,Austria,2012,52720.992,0.6515862898127132,16594.215,0.3484133703669533,67265900.0,14.604,17.39
18,Austria,2013,51826.71,0.7105497109947165,13472.988,0.2894500903420881,67759450.0,14.330000000000002,17.41
19,Austria,2014,51370.357,0.7119004405544539,10867.237,0.2880993640777173,64160004.0,13.302000000000001,17.3
20,Austria,2015,48405.934,0.6150251406305361,13551.795,0.3849750738433636,66348824.0,13.98,17.63
21,Austria,2016,51467.09,0.6055683162803648,13493.428,0.3944316837196352,67210744.0,12.572,17.53
22,Austria,2017,52448.23,0.7246068087105476,15645.361,0.2753931912894524,69592824.0,12.6,17.43
23,Austria,2018,51106.76843,0.6560830678345245,14276.942569,0.3439169323267533,66557184.0,12.963999999999999,17.04
24,Austria,2019,55235.997182,0.702194169110834,15537.91516,0.297805830889166,67936184.0,11.768,16.92
25,Belgium,2010,7681.649,0.0760825601049346,83804.351,0.9239175707492698,114557864.0,16.028,30.18
26,Belgium,2011,9405.339,0.142461314689318,77253.663,0.8575386853106819,105020120.0,16.24,29.49
27,Belgium,2012,11518.663,0.1588932990456334,68264.34,0.8411065497028967,102355640.0,14.598000000000003,29.4
28,Belgium,2013,12745.991,0.1519012150131071,67534.007,0.8480987849868928,102666430.0,14.368,28.86
29,Belgium,2014,13199.087,0.2148668766504146,56618.515,0.7851331233495855,96887000.0,13.088,27.79
30,Belgium,2015,15308.409,0.2365968730549147,52070.886,0.7634029726880143,101061720.0,13.24,27.86
31,Belgium,2016,15132.223,0.1474084378265412,67324.774,0.8525915621734587,99601624.0,12.33,27.33
32,Belgium,2017,16576.751,0.204713206334573,66540.15,0.795286793665427,99126280.0,12.292,27.46
33,Belgium,2018,17726.295457,0.2748134153368585,54258.004545,0.7251865844936862,99873630.0,12.126000000000001,27.49
34,Belgium,2019,19916.739189,0.248266406086541,69996.660807,0.7517335937894944,99432616.0,11.224,27.63
35,Brazil,2015,423216.131,0.7659496899891483,140845.832,0.2340503311735911,529353020.0,11.804,35.4
36,Brazil,2016,457470.239,0.8386322180775598,105837.476,0.16136778192244,492748000.0,11.762,35.44
37,Brazil,2017,458637.322,0.7934947464164053,114442.5,0.2065052535835947,497412700.0,14.569999999999999,34.63
38,Brazil,2018,486518.198235,0.896369074034796,99241.944312,0.1036309259652039,477102140.0,10.922,34.44
39,Brazil,2019,507537.708859,0.7864830279827577,103848.004005,0.2135169720361126,475104580.0,10.722,34.38
40,Bulgaria,2015,9094.398,0.1111762789977103,35632.604,0.888823964975243,48260532.0,21.196,20.22
41,Bulgaria,2016,7648.193,0.1283958925337933,33572.806,0.8716038666099529,45484310.0,20.357999999999997,20.23
42,Bulgaria,2017,6699.715,0.1388664535085144,34647.426,0.8611338109556943,47569756.0,21.03,20.23
43,Bulgaria,2018,9374.168267,0.1787512149526753,33337.122003,0.8212487850473247,43616064.0,21.14,20.49
44,Bulgaria,2019,7669.257401,0.1669623860550208,32676.877596,0.8330376142142198,42255764.0,17.898,20.51
45,Canada,2010,366611.134,0.6499061657773766,218831.866,0.3500938514500271,556560600.0,7.596000000000001,24.72
46,Canada,2011,392288.66,0.6686843631898367,222107.347,0.3313156542422189,567054140.0,7.712000000000001,24.35
47,Canada,2012,398121.491,0.6485968031143039,216615.505,0.351403196885696,568223170.0,7.542,24.21
48,Canada,2013,416479.892,0.6641700320782238,223054.112,0.3358299679217761,572613300.0,7.25,24.16
49,Canada,2014,414931.787,0.6628126951507756,226344.209,0.337187288565457,569839700.0,7.134,24.23
50,Canada,2015,416605.471,0.6579697033698336,221888.528,0.3420302966301665,574298240.0,7.016,24.14
51,Canada,2016,425347.081,0.6827026485571525,219089.913,0.3172973514428476,560525300.0,6.18,23.87
52,Canada,2017,436143.861,0.689927588077758,207997.14,0.310072411922242,571544640.0,6.779999999999999,23.67
53,Canada,2018,428485.542932,0.6905597398666804,206908.457067,0.3094402601498512,584369150.0,6.962000000000001,24.18
54,Canada,2019,422568.13134,0.6975004868539936,204660.868653,0.3024995131295406,584714200.0,6.264,24.22
55,Chile,2010,24101.174,0.4068828009849662,34232.823,0.5931170115167095,71310950.0,22.514,31.31
56,Chile,2011,25689.737,0.4811161480184113,37499.264,0.5188838519815886,78064410.0,22.75,30.61
57,Chile,2012,24871.883,0.3677751102672344,40968.115,0.6322248897327657,79620824.0,22.262,29.97
58,Chile,2013,25642.855,0.4283659054208062,44101.154,0.5716342623727622,81736820.0,24.11,29.18
59,Chile,2014,29943.127,0.5023245438350843,39508.874,0.4976752879330477,77589860.0,23.416,28.45
60,Chile,2015,32035.043,0.5674322715479033,39993.956,0.4325678902109983,81756504.0,24.422,28.03
61,Chile,2016,33527.852,0.4970205525685243,42926.146,0.5029794474314757,84243170.0,24.028,27.21
62,Chile,2017,34147.004,0.5621523313759378,42881.195,0.4378476686240622,84074590.0,22.97,27.27
63,Chile,2018,37294.544856,0.5504433628165418,42587.926184,0.4495566376523206,84468696.0,21.723999999999997,27.09
64,Chile,2019,38612.830575,0.5114142704270006,43487.346384,0.4885857297160721,91961940.0,20.734,26.87
65,Colombia,2014,48591.614,0.7227692559108891,20435.682,0.2772304078323612,97858140.0,17.518,32.89
66,Colombia,2015,49301.099,0.5308598708266604,26820.895,0.4691401291733396,95472344.0,17.654,32.8
67,Colombia,2016,49890.778,0.7878027711583833,24570.492,0.2121972288416167,98730960.0,17.204,32.52
68,Colombia,2017,61994.521,0.8008118318120371,15391.195,0.1991881681879629,79687620.0,16.202,32.12
69,Colombia,2018,59670.123082,0.726364680746516,18018.027611,0.2736353191006044,82426790.0,15.001999999999999,32.09
70,Colombia,2019,54698.270145,0.6261325568702057,23380.433628,0.373867443445387,96438170.0,14.3,31.9
71,Croatia,2015,7611.559,0.5935823313640731,3371.443,0.4064176686359269,17824706.0,18.759999999999998,21.57
72,Croatia,2016,8433.404,0.6219654873766242,3850.593,0.3780336188381328,18109014.0,17.832,20.31
73,Croatia,2017,7201.522,0.7276962947202467,4321.377,0.2723037052797533,18743996.0,18.332,20.06
74,Croatia,2018,9717.480248,0.664883638271186,3464.11975,0.3351163608877036,17724152.0,19.088,19.71
75,Croatia,2019,8281.486968,0.7957637726729764,3968.613027,0.2042362273270235,17857446.0,15.38,19.53
76,Cyprus,2015,396.823,0.0732080739721541,3916.693,0.926791926027846,6972964.0,15.39,36.55
77,Cyprus,2016,422.103,0.0700952059174882,4245.534,0.92990238075127,7375415.0,13.918000000000001,35.38
78,Cyprus,2017,432.677,0.0869856246669897,4345.599,0.9130143753330102,7525365.0,14.856,33.48
79,Cyprus,2018,474.568456,0.1032585856621475,4352.712548,0.8967414143378524,7342546.0,15.656,32.8
80,Cyprus,2019,511.936738,0.101719659403567,4401.851265,0.89828034327031,7343176.0,14.766,32.53
81,Denmark,2010,12134.486,0.2961991070689773,24737.518,0.7038008929310228,49203676.0,12.443999999999999,39.92
82,Denmark,2011,13891.649,0.506196466461829,19657.096,0.4938035335381708,44248110.0,13.154,39.27
83,Denmark,2012,14508.385,0.4364463229276963,14692.006,0.5635539703816248,39870932.0,11.594,38.85
84,Denmark,2013,15667.377,0.5734051500760363,17470.741,0.4265945667349152,41772984.0,11.108,38.52
85,Denmark,2014,17666.24,0.5843133196521467,13149.011,0.4156863821095173,37577748.0,10.52,37.64
86,Denmark,2015,18636.517,0.7127299966265295,9284.628,0.2872700033734706,35227976.0,10.854000000000001,37.24
87,Denmark,2016,17974.506,0.6140226699005098,11106.563,0.3859773300994901,37033260.0,9.896,36.91
88,Denmark,2017,21238.905,0.7477178756744975,8399.395,0.2522821243255024,34780268.0,10.086,36.67
89,Denmark,2018,20360.45283,0.6737166472754444,8953.847164,0.3262833530397206,34724976.0,10.136,36.34
90,Denmark,2019,22679.318561,0.7807786431838144,6010.499441,0.2192213571205697,30955444.0,9.77,36.0
91,Estonia,2010,971.987,0.0839610198196404,10760.011,0.9160389801803596,19002518.0,8.538,11.29
92,Estonia,2011,1102.37,0.1171970029714302,10564.632,0.8828029970285697,18984222.0,7.718000000000001,11.4
93,Estonia,2012,1351.56,0.1294844155369605,9175.441,0.8705155844630394,17794826.0,7.44,11.32
94,Estonia,2013,1144.092,0.1531756833456405,10678.914,0.8468243166543594,19697904.0,7.696000000000001,10.92
95,Estonia,2014,1297.064,0.145573848884484,9715.937,0.8544261511155161,18860398.0,7.909999999999999,11.14
96,Estonia,2015,1396.847,0.194827349777889,7665.154,0.8051726502221109,15846900.0,6.8,10.78
97,Estonia,2016,1444.793,0.163865051568498,8988.886,0.8361349484315019,17559352.0,6.244,10.88
98,Estonia,2017,1689.635,0.1761633711656089,9558.855,0.8238366288343911,18762488.0,5.944,10.65
99,Estonia,2018,1828.663306,0.1855370412150103,9104.138693,0.814462957523616,17935074.0,6.7540000000000004,10.46
100,Estonia,2019,1940.04986,0.3536478102282706,4660.05014,0.6463521897717294,12380190.0,6.398000000000001,10.27
101,Finland,2010,23435.425,0.2744649313359779,53784.308,0.7255349491163092,64080756.0,7.678,15.66
102,Finland,2011,23407.943,0.3743389858917043,47005.353,0.6256606917803142,56637172.0,7.659999999999999,15.53
103,Finland,2012,27777.686,0.3568269861608054,39929.057,0.6431731552950756,51145690.0,6.866,15.46
104,Finland,2013,24828.089,0.379207207087079,43525.372,0.620792951653738,51703750.0,6.731999999999999,15.32
105,Finland,2014,25509.815,0.3845917959594871,39947.934,0.6154082040405129,47595830.0,6.254,15.13
106,Finland,2015,29759.398,0.4428737632414494,36394.124,0.5571262367585506,44099096.0,6.29,14.95
107,Finland,2016,29614.757,0.4251844568490977,36588.477,0.5748155431509023,47181860.0,5.818,14.89
108,Finland,2017,30673.984,0.4660333161006215,34369.203,0.5339666838993784,44577796.0,5.7700000000000005,14.82
109,Finland,2018,31229.926874,0.4204270072377997,36302.74112,0.5795729920099099,45796460.0,5.974,14.69
110,Finland,2019,30976.8402,0.4831168390121579,35075.638202,0.516883161301268,42381840.0,5.8340000000000005,14.6
111,France,2010,81923.204,0.1466840914297922,462375.654,0.8533159085702078,376645400.0,14.669999999999998,13.81
112,France,2011,70281.812,0.1528968970951852,477970.947,0.8471030845086405,354602460.0,14.946000000000002,13.66
113,France,2012,89051.02,0.1695784864282372,458961.826,0.8304215316761726,356912580.0,13.49,13.58
114,France,2013,103151.674,0.1568598662317039,454619.22,0.8431401521716781,358623360.0,13.15,13.34
115,France,2014,98533.057,0.1610884948840786,449972.911,0.8389115051159214,327107260.0,12.064,12.96
116,France,2015,95647.624,0.1406066939599259,459479.166,0.8593932871233795,331580000.0,12.398,13.17
117,France,2016,102600.669,0.1444348953444323,437819.091,0.8555651046555677,334439780.0,11.424,12.79
118,France,2017,96631.443,0.1830247218104101,441217.778,0.8169752781895898,337457540.0,11.469999999999999,12.8
119,France,2018,117591.126038,0.1876504944815777,440206.684017,0.8123495054999476,322526820.0,11.406,12.74
120,France,2019,116574.619828,0.2673259306205993,430465.860165,0.7326740693794007,316386780.0,10.620000000000001,12.76
121,Germany,2010,107981.966,0.1480194646990222,486432.04,0.8519805528450879,832540900.0,15.201999999999998,20.01
122,Germany,2011,125766.644,0.2719330616433092,450480.357,0.7280669383566908,808911500.0,15.562000000000001,20.21
123,Germany,2012,144484.215,0.2314717167389306,446946.791,0.7685283024770493,813693060.0,13.882,20.62
124,Germany,2013,153312.682,0.287244149938667,447613.314,0.7127558315272485,831207600.0,13.388,21.15
125,Germany,2014,163281.499,0.2939009105006196,427592.5,0.7060990532265508,792255400.0,12.58,21.05
126,Germany,2015,188901.308,0.3385490687909316,421390.696,0.6614509678887132,795556600.0,12.751999999999999,21.76
127,Germany,2016,189697.468,0.2804905004564081,424634.532,0.7195094995435918,800339840.0,11.754000000000001,21.68
128,Germany,2017,216528.135,0.3963838770483162,402524.872,0.6036161229516838,785616450.0,11.873999999999999,21.22
129,Germany,2018,224773.155651,0.3938387085531896,384138.844359,0.6061612914468103,754408450.0,11.788,20.97
130,Germany,2019,239316.758056,0.4473108977616222,336547.241946,0.5526891021782645,707149950.0,10.814,20.75
131,Greece,2010,10501.954,0.3083247248989516,42887.052,0.6916752751010484,97354150.0,19.788,24.68
132,Greece,2011,8372.052,0.1458586922645914,45541.26,0.8541413077354085,94505230.0,19.65,24.8
133,Greece,2012,9424.246,0.2152355346815456,44229.755,0.7847640467966024,91392584.0,17.774,24.52
134,Greece,2013,14354.967,0.2099894795378594,38205.03,0.7900105204621405,81713256.0,17.406,23.0
135,Greece,2014,12274.448,0.2492339728830116,34427.551,0.7507660271169884,78639620.0,15.687999999999999,21.12
136,Greece,2015,14562.704,0.212718365206547,33243.294,0.7872814144590072,74927624.0,16.526,20.58
137,Greece,2016,14886.334,0.2492698675888509,35340.474,0.750730132411149,71364170.0,15.248,19.81
138,Greece,2017,13842.725,0.3010971744210944,36746.489,0.6989028255789056,74845050.0,15.27,19.8
139,Greece,2018,15435.686897,0.2235704232754742,34647.967097,0.7764295767245258,71781990.0,15.764,20.23
140,Greece,2019,16071.374105,0.3778369464580796,29485.625891,0.6221630535419204,65756230.0,14.686000000000002,20.39
141,Hungary,2010,2808.989,0.0681845041315714,31803.868,0.9318154958684284,52068732.0,19.91,30.79
142,Hungary,2011,2544.289,0.0623911294829152,30989.152,0.9376088705170847,50191330.0,20.72,30.84
143,Hungary,2012,2495.515,0.0693600783457907,29855.395,0.9306399216542094,46757480.0,18.47,31.09
144,Hungary,2013,2586.858,0.0997601134744126,25443.767,0.9002398865255873,43611550.0,17.784,30.71
145,Hungary,2014,2892.04,0.0895446106903205,24248.951,0.9104550090390332,43729844.0,18.062,31.02
146,Hungary,2015,2989.11,0.0865375756790422,25160.918,0.9134620498112846,46653468.0,17.518,31.73
147,Hungary,2016,3027.353,0.1053545323087814,26520.656,0.8946454676912186,47113090.0,16.514,31.02
148,Hungary,2017,3274.518,0.135489993841628,27424.478,0.864510006158372,49515228.0,16.948,31.34
149,Hungary,2018,3536.94958,0.0941084463286736,26329.050404,0.9058915536713265,49463316.0,17.594,30.93
150,Hungary,2019,4468.061637,0.114165450865115,27668.938364,0.8858345491348849,49234644.0,14.528,29.7
151,Iceland,2010,16743.999,0.999887912617482,2.004,0.0001120873825179,3616621.0,7.2299999999999995,19.16
152,Iceland,2011,16848.998,0.9999191862523124,2.0,8.081374768745783e-05,3494164.0,7.802,18.9
153,Iceland,2012,17292.999,0.999316575271132,3.0,0.0006834247288678,3490870.0,6.948,18.77
154,Iceland,2013,17995.0,0.9997199900609084,4.998,0.0002793792860755,3480080.0,6.68,18.46
155,Iceland,2014,17800.0,0.9998127291889868,3.0,0.0001872708110132,3436352.0,6.306,17.54
156,Iceland,2015,18554.002,0.9989722879439648,3.999,0.0010283356677197,3533853.0,6.712000000000001,17.62
157,Iceland,2016,18168.608,0.9997885394665672,3.0,0.0002114605334327,3485184.0,5.938000000000001,17.69
158,Iceland,2017,18844.21,0.9999705378525462,2.085,2.9462147453839127e-05,3601620.0,6.002000000000001,17.95
159,Iceland,2018,19430.622999,0.9999209491867542,1.874998,7.905022710674936e-05,3658953.0,6.138,17.98
160,Iceland,2019,19117.132001,0.9992264048424848,2.661,0.0007735945564313,3546263.0,6.034000000000001,17.5
161,India,2015,189413.208691,0.1245729559644032,1013968.360737,0.8754270440259895,2270766000.0,56.254,134.68
162,India,2016,230497.902364,0.1457830508391567,1120615.681852,0.8542169491343156,2383816000.0,53.73199999999999,129.23
163,India,2017,244981.875789,0.1531792868037998,1160883.180504,0.8468207131789984,2434868000.0,52.0,126.84
164,India,2018,274527.322742,0.1566715570928783,1245010.553871,0.8433284429152416,2600446500.0,56.23199999999999,127.8
165,India,2019,310518.426998,0.1713918151935494,1223419.460911,0.828608184814648,2626459400.0,50.870000000000005,125.11
166,Ireland,2010,3886.106,0.1157471830172579,23555.447,0.8842528169827422,41793616.0,10.1,33.05
167,Ireland,2011,5404.206,0.3103893711721467,20961.037,0.6896106288278532,38056380.0,10.806000000000001,33.87
168,Ireland,2012,5440.341,0.262301065818679,21038.726,0.7376989341813209,38227156.0,9.614,34.03
169,Ireland,2013,5943.618,0.3478761958862033,19172.589,0.6521242357637528,37281748.0,9.506,34.03
170,Ireland,2014,6640.248,0.3555576455544042,18672.379,0.6444423544455957,36853016.0,8.906,33.69
171,Ireland,2015,8123.493,0.4350838701711913,19501.823,0.5649157463960194,38718040.0,9.33,33.78
172,Ireland,2016,7771.718,0.3180214160104245,21919.874,0.6819785839895756,40369540.0,8.226,33.15
173,Ireland,2017,9050.607,0.3734474892676039,21041.883,0.6265525107323962,39078030.0,8.282,32.9
174,Ireland,2018,10396.352581,0.5389912604797346,19955.939418,0.4610087395202654,39012370.0,8.459999999999999,32.66
175,Ireland,2019,12002.999453,0.4899511910475154,18271.292621,0.5100488086025944,37325664.0,8.347999999999999,32.41
176,Italy,2010,78785.184,0.2608610457998414,211961.061,0.7391389542001586,436117440.0,20.002000000000002,18.27
177,Italy,2011,83318.159,0.2793758424632958,208123.917,0.7206241575367042,424256260.0,20.616,17.97
178,Italy,2012,92377.523,0.3325495847802955,195425.855,0.6674504580841907,403696900.0,18.422,17.76
179,Italy,2013,111672.887,0.3461555278562283,167160.503,0.6538444721437717,369679700.0,17.812,17.25
180,Italy,2014,119834.336,0.3825201688815317,149313.602,0.6174798762165605,349390340.0,16.602,16.94
181,Italy,2015,108039.839,0.2711623845941668,164388.581,0.7288375697762255,361163170.0,17.188,17.24
182,Italy,2016,107598.961,0.2987128917454568,172103.661,0.7012871082545433,358182560.0,15.74,16.87
183,Italy,2017,103493.942,0.3195461009890108,181771.708,0.6804538990109891,352735400.0,15.654,16.71
184,Italy,2018,113831.132686,0.3690490069780054,166013.486318,0.6309509930219946,349005020.0,15.892000000000001,16.79
185,Italy,2019,115359.668468,0.4469015392314678,168590.387525,0.5530984607241994,339233200.0,14.154,16.76
186,Japan,2010,116146.16,0.0912019724240116,996784.006,0.9087980275759884,1215058000.0,14.042000000000002,12.54
187,Japan,2011,116207.927,0.0865430661083605,958774.537,0.9134569442535408,1265034900.0,13.736,12.54
188,Japan,2012,112872.466,0.0846203974882472,964405.518,0.9153795921718324,1306182500.0,12.219999999999999,12.34
189,Japan,2013,119508.389,0.092627214866607,937478.567,0.9064616366912644,1315568800.0,13.278,12.11
190,Japan,2014,127801.768,0.10651719138016,920910.264,0.8940954224921353,1264413200.0,13.25,11.89
191,Japan,2015,151668.684,0.1245109627700269,880082.009,0.8679191375078206,1223605100.0,12.598,11.72
192,Japan,2016,155914.216,0.1306635793965576,873660.355,0.8693364206034424,1203888100.0,12.394,11.63
193,Japan,2017,170723.842,0.1248285128397871,860619.104,0.8751714871602129,1188359000.0,11.748000000000001,11.5
194,Japan,2018,183435.188683,0.1322365205840662,869435.737802,0.8677634794159339,1143411800.0,10.74,11.42
195,Japan,2019,180144.999527,0.1441125469444815,824786.375195,0.8558874530555185,1106015500.0,10.714,11.41
196,Latvia,2010,3591.35,0.3524344433354505,2475.694,0.6471336539333999,8554094.0,17.304,11.31
197,Latvia,2011,3026.934,0.4560150172590297,2536.934,0.5439849827409704,7810795.0,15.831999999999999,11.08
198,Latvia,2012,4026.901,0.5862421279641173,1692.192,0.4137578720358826,7519410.0,15.074000000000002,11.01
199,Latvia,2013,3406.183,0.6958075376690482,2393.776,0.3041901920854702,7368437.0,15.836000000000002,11.09
200,Latvia,2014,2678.865,0.4288038403174973,2053.234,0.5711961596825026,7171961.0,16.174,10.85
201,Latvia,2015,2664.202,0.389561890882594,2428.593,0.610434060985113,7262099.0,14.080000000000002,10.62
202,Latvia,2016,3365.527,0.5510406702558021,2561.053,0.4489593297441979,7210325.0,12.767999999999999,10.22
203,Latvia,2017,5285.859,0.810198279997995,1737.985,0.189801720002005,7214946.0,12.016,10.08
204,Latvia,2018,3368.392077,0.3470560326265987,2834.561262,0.6529439653514216,7859363.0,13.478,10.02
205,Latvia,2019,3072.744984,0.6762911741632787,2874.2201,0.3237088258367213,7648673.0,12.604000000000001,9.92
206,Lithuania,2010,1631.254,0.2990693739424704,3715.736,0.7009306260575295,13946613.0,14.648,15.54
207,Lithuania,2011,1650.941,0.3528861105867195,2794.064,0.6471138894132805,14292825.0,13.492,14.96
208,Lithuania,2012,1656.085,0.3857943054231973,3033.239,0.6142056945768027,14349487.0,12.878,14.46
209,Lithuania,2013,2018.798,0.5365907907813166,2431.979,0.4634068430268326,13355973.0,13.36,14.28
210,Lithuania,2014,2141.92,0.567849921928174,2002.063,0.4321475757697081,13108084.0,13.642,13.52
211,Lithuania,2015,2297.486,0.5951840775497576,2378.83,0.4048159224502423,13319679.0,12.088,13.53
212,Lithuania,2016,2616.324,0.6779897309599464,1435.154,0.3220102690400536,13351177.0,10.884,13.23
213,Lithuania,2017,3031.148,0.7828942123194839,964.952,0.2171057876805162,13571834.0,10.472,12.4
214,Lithuania,2018,2625.235035,0.8518793561044341,689.064965,0.1481206397367034,13691349.0,11.742,12.44
215,Lithuania,2019,2963.517518,0.8306237287452879,801.082484,0.1693762740441954,13923306.0,10.956,12.21
216,Luxembourg,2010,1617.06,0.3839806506645935,2943.793,0.6160193493354065,11202164.0,12.332,23.46
217,Luxembourg,2011,1306.914,0.3121101817958732,2387.053,0.6878898182041266,11102959.0,12.588,23.2
218,Luxembourg,2012,1355.914,0.4543044666726743,2430.972,0.5456992880958819,10867476.0,11.284,22.87
219,Luxembourg,2013,1395.246,0.4022489597826158,1465.123,0.5977477742287368,10325364.0,10.998000000000001,22.45
220,Luxembourg,2014,1446.538,0.3589121494904761,1491.069,0.6410934993334388,9828191.0,10.24,21.58
221,Luxembourg,2015,1848.759,0.840951285514516,888.803,0.1590582597946804,9347466.0,10.419999999999998,21.09
222,Luxembourg,2016,1852.729,0.8156617612413815,314.656,0.1843382387586185,9089235.0,9.72,20.21
223,Luxembourg,2017,1918.857,0.8637329809846613,285.676,0.1362670190153386,9261198.0,9.812000000000001,20.14
224,Luxembourg,2018,1909.704624,0.8492251736899699,261.48222,0.1507748213032967,9566671.0,9.687999999999999,20.0
225,Luxembourg,2019,1617.579315,0.8712574791877958,259.547891,0.12874251579607,9751728.0,8.884,19.91
226,Malta,2015,101.618,0.0828687441590667,1139.372,0.9171312558409332,1665291.0,12.957999999999998,15.98
227,Malta,2016,135.617,0.107391806203061,670.867,0.8925932033158943,1356353.0,12.41,15.84
228,Malta,2017,171.676,0.0630457948710851,1430.782,0.9369542051289148,1530878.0,11.796,15.7
229,Malta,2018,197.520292,0.0670869667701012,1713.528706,0.9352371071361516,1546948.0,12.898,15.54
230,Malta,2019,201.757092,0.0623133667439271,1799.56227,0.9408562313470624,1649193.0,12.094,15.4
231,Mexico,2010,45046.671,0.1340576477984668,219289.051,0.8659423039811964,463782500.0,21.648000000000003,38.31
232,Mexico,2011,44372.956,0.1484755513075509,235722.94,0.851524402773591,484164860.0,23.009999999999998,37.17
233,Mexico,2012,41661.373,0.1246193813521708,242743.436,0.875380573121325,501568830.0,21.759999999999998,36.74
234,Mexico,2013,38894.262,0.1562220055780037,248196.121,0.8437780412134042,495485200.0,22.714000000000002,37.7
235,Mexico,2014,52118.08,0.1621083677853264,237931.657,0.8378915407633678,484113700.0,21.086,37.43
236,Mexico,2015,46579.933,0.1162425339800238,251197.012,0.8837574660199762,479519780.0,21.336000000000002,36.86
237,Mexico,2016,47338.895,0.1150560627621138,255537.097,0.8849439372378862,479789760.0,20.774,36.33
238,Mexico,2017,50332.339,0.1559411149529398,258600.795,0.84405888504706,465620930.0,19.992,36.53
239,Mexico,2018,53709.708965,0.1593561011049911,287168.291043,0.8406438989345303,475268930.0,18.334,36.46
240,Mexico,2019,54356.199525,0.1644098101990813,276333.85748,0.8355901898422263,472191500.0,17.438,36.93
241,Netherlands,2010,10928.442,0.0843010704184691,103896.567,0.9156991100144798,181526740.0,14.884,29.36
242,Netherlands,2011,12009.844,0.1399652253343358,97134.799,0.8600348665988996,168259660.0,15.401999999999997,29.15
243,Netherlands,2012,12182.565,0.1292951029633698,86991.778,0.8707050037582001,164688780.0,13.632,29.31
244,Netherlands,2013,11846.548,0.1289364916109511,85603.241,0.871063409179048,164674480.0,13.086000000000002,29.02
245,Netherlands,2014,11407.684,0.1310787990446636,87307.013,0.8689212009553364,157655580.0,12.382,28.33
246,Netherlands,2015,13469.305,0.1628085532618257,92433.058,0.8371914467381745,164142510.0,12.478,28.86
247,Netherlands,2016,14584.791,0.1428322818177232,96404.204,0.8571677181822769,164862030.0,11.501999999999999,28.85
248,Netherlands,2017,17268.945,0.1688840707727722,96156.195,0.8311159292272275,162493950.0,11.53,28.77
249,Netherlands,2018,18744.993066,0.1583568351072777,91947.11194,0.8416431648927222,158627840.0,11.388,28.69
250,Netherlands,2019,22541.354424,0.2259760726305612,95030.404577,0.7740239273694389,153032800.0,10.646,28.62
251,New Zealand,2010,32200.919,0.7439425568960649,11244.514,0.2560574431039351,34811084.0,9.35,29.61
252,New Zealand,2011,33141.869,0.7892859332439983,9920.693,0.2107137748116229,34265852.0,8.536,29.44
253,New Zealand,2012,31147.021,0.816836406315072,11658.801,0.1831635936849278,35945092.0,7.6739999999999995,28.95
254,New Zealand,2013,31445.925,0.8749500639686882,10424.925,0.1250502334909175,35241004.0,7.508,28.27
255,New Zealand,2014,33738.59,0.8272354075806179,8489.039,0.1727643020143076,35438930.0,7.196000000000001,28.42
256,New Zealand,2015,34664.254,0.822840365500845,8231.044,0.1771593480564865,35813108.0,6.938,28.11
257,New Zealand,2016,36162.393,0.8944811362321953,6439.022,0.1055188637678047,34152636.0,6.906000000000001,27.63
258,New Zealand,2017,35212.42,0.7410959801901766,7799.791,0.2589040198098234,35688124.0,7.145999999999999,27.37
259,New Zealand,2018,36259.645609,0.8568749399763654,6897.947524,0.1431250600236346,35704540.0,7.448,28.24
260,New Zealand,2019,35862.697797,0.8818852503657203,7662.508225,0.1181147496342796,37121030.0,8.616,28.28
261,Norway,2010,117902.418,0.957361655865164,5246.57,0.0427038250623226,45691000.0,8.532,27.83
262,Norway,2011,122675.93,0.978356547363383,4363.076,0.0216385954191505,44791000.0,9.008,28.32
263,Norway,2012,144149.001,0.979362398068901,2978.999,0.0206237164524774,44300000.0,7.9300000000000015,28.36
264,Norway,2013,130388.998,0.9777370568953716,3096.008,0.0222557393351257,44586000.0,7.709999999999999,28.31
265,Norway,2014,138032.001,0.9796706579186086,3309.996,0.0203292721677731,45046000.0,7.138,27.66
266,Norway,2015,140579.0,0.9784205128501642,3324.996,0.0215794871498358,45590000.0,7.352000000000001,27.39
267,Norway,2016,145202.995,0.979695976538632,3276.005,0.0203040234613679,44765000.0,6.828,27.39
268,Norway,2017,145508.002,0.9808880448044454,3255.001,0.0191119551955545,44242000.0,6.854000000000001,26.77
269,Norway,2018,142993.824794,0.979336187353776,3292.679805,0.0206638126462238,44393000.0,6.81,26.29
270,Norway,2019,131662.973523,0.9789502471089656,3002.776767,0.0210497528910344,42784000.0,6.7540000000000004,25.85
271,Poland,2010,10841.987,0.0690474559435529,132615.024,0.930952616623934,334917000.0,26.892000000000003,17.64
272,Poland,2011,12819.097,0.1027722216833611,136094.079,0.8972277783166388,334337150.0,27.586000000000002,17.14
273,Poland,2012,16303.799,0.1171833469938782,131345.208,0.8828166530061217,326734900.0,24.98,16.9
274,Poland,2013,16735.026,0.1490106012993152,133343.971,0.8509893987006847,322651200.0,23.851999999999997,16.53
275,Poland,2014,19349.486,0.1602161010306578,125864.511,0.8397838989693421,310319100.0,23.945999999999998,15.8
276,Poland,2015,22205.917,0.2031119099997947,128489.084,0.7968881638376821,313455700.0,23.041999999999998,15.95
277,Poland,2016,22196.557,0.1803586368482618,129805.61,0.8196413631517382,324381220.0,21.785999999999998,15.51
278,Poland,2017,23578.854,0.1904888610965301,131290.48,0.8095111389034699,337734940.0,22.398000000000003,15.47
279,Poland,2018,21067.722711,0.1583877643579672,134191.948292,0.8416122356420327,337048480.0,22.956,15.45
280,Poland,2019,26764.098549,0.2176236357391104,124598.870448,0.7823763642608896,318487680.0,19.192,15.37
281,Portugal,2010,28351.645,0.559729186881359,24430.652,0.4402708131186411,53001360.0,10.592,26.59
282,Portugal,2011,24371.973,0.4865995177643543,26756.078,0.5134004822356456,51801576.0,10.72,25.69
283,Portugal,2012,20120.078,0.6074043151673497,25134.63,0.3925954214557369,49959708.0,9.464,25.23
284,Portugal,2013,30239.827,0.5031744168542559,20172.07,0.4968257758909309,48163480.0,9.474,24.55
285,Portugal,2014,32006.033,0.6053833285641022,19521.074,0.3946168853027692,47945816.0,7.924000000000001,24.04
286,Portugal,2015,25164.421,0.4951248503078961,25775.764,0.504875384181399,52270292.0,8.704,23.91
287,Portugal,2016,33107.475,0.4467507685070313,25754.342,0.5532492314929687,50442236.0,8.443999999999999,23.87
288,Portugal,2017,23884.456,0.4881274865491548,33784.519,0.5118725134508451,55210188.0,9.05,23.85
289,Portugal,2018,30292.58838,0.562247423570068,27904.627616,0.4377525764299319,51459108.0,7.922,23.72
290,Portugal,2019,28550.919296,0.7401331084558765,23634.280704,0.2598668915441234,47618828.0,7.364,23.69
291,Romania,2015,26333.446,0.3640359479745268,34943.553,0.6359640520254732,77996264.0,15.797999999999998,20.85
292,Romania,2016,27046.512,0.4045829157969536,33209.488,0.5954170842030464,77011540.0,15.234,20.68
293,Romania,2017,24330.968,0.4106599756958737,35024.455,0.5893400243041262,80042936.0,15.712,20.64
294,Romania,2018,26339.668343,0.3265976718516015,33835.848168,0.6734023281483984,80516216.0,15.947999999999999,20.73
295,Romania,2019,24757.235311,0.4010506529189949,30419.973246,0.59894934728776,77030616.0,13.592000000000002,20.77
296,Serbia,2015,10728.852,0.2106898357327089,24910.153,0.7893104500887189,43777416.0,25.529999999999998,27.77
297,Serbia,2016,11497.791,0.2574320489047835,25130.206,0.7425682551235617,45039816.0,24.432,26.39
298,Serbia,2017,9799.46,0.3515479524571662,24499.094,0.6484520475428337,45529550.0,25.130000000000003,25.92
299,Serbia,2018,11562.372699,0.2595120426786392,23221.034299,0.7404879569969897,44320356.0,26.05,25.61
300,Serbia,2019,11140.886787,0.3166146057779826,23424.065209,0.683385393922572,44344496.0,21.904,25.15
301,Slovenia,2010,4842.175,0.3470897708457838,10567.686,0.6529108822943507,16459522.0,20.206,14.31
302,Slovenia,2011,3938.338,0.2037105098243106,11062.659,0.7962886752521577,16358580.0,21.088,13.9
303,Slovenia,2012,4426.02,0.3267105240398752,10278.786,0.6732901966663014,15760511.0,19.228,13.64
304,Slovenia,2013,5306.019,0.2904031108306455,9811.269,0.7095961587902584,15133322.0,18.454,13.08
305,Slovenia,2014,6770.49,0.4004882551060881,9715.541,0.599512503289541,13568170.0,18.380000000000003,12.25
306,Slovenia,2015,4548.891,0.2057033140764539,9638.066,0.7942966859235462,13653307.0,18.008,12.65
307,Slovenia,2016,5245.66,0.2271245506425245,10300.862,0.7728754493574754,14464584.0,17.162,12.55
308,Slovenia,2017,4635.61,0.3640024727411948,10761.271,0.6359975272588052,14622025.0,17.53,12.68
309,Slovenia,2018,5332.113607,0.2431616730755802,10109.856394,0.7568383277673141,14526712.0,18.226,12.7
310,Slovenia,2019,5156.773554,0.3890622824593833,10067.580448,0.6109377175406167,14048142.0,14.425999999999998,12.71
311,Spain,2010,98882.106,0.3712822547115358,192068.897,0.6287177452884642,284282700.0,12.728,30.92
312,Spain,2011,87854.001,0.3275890882925796,195423.993,0.6724109117074204,285132260.0,13.094,30.5
313,Spain,2012,88403.515,0.3812233883041461,198170.491,0.6187766927341062,279384960.0,11.84,30.42
314,Spain,2013,113395.136,0.3610962750523407,162003.862,0.6389037249476592,253102700.0,11.224,29.48
315,Spain,2014,111826.439,0.3980164105014424,156553.56,0.6019836316634747,255459100.0,10.314,29.41
316,Spain,2015,97776.458,0.2828146427584219,171974.548,0.7171854030897741,272164670.0,11.114,30.16
317,Spain,2016,105361.214,0.2587982201226504,158982.782,0.7412017798773496,261227660.0,10.044,29.46
318,Spain,2017,88213.458,0.3474740736691133,176704.538,0.6525259263308866,275053200.0,10.21,29.27
319,Spain,2018,103674.679244,0.366245416611126,160152.320751,0.6337545833432082,270052300.0,10.08,29.15
320,Spain,2019,100570.396748,0.5076874433377097,163225.603248,0.492312556617795,251825150.0,9.344,29.05
321,Sweden,2010,81503.036,0.5576977398802841,63760.558,0.4423022601197158,53287344.0,7.74,18.15
322,Sweden,2011,83419.213,0.593525513766344,63545.787,0.4064744195475615,49405180.0,7.9719999999999995,18.32
323,Sweden,2012,97469.801,0.5872108007996883,65359.201,0.41278913707991,46918584.0,7.0920000000000005,18.44
324,Sweden,2013,82110.734,0.5542418260290831,67428.266,0.4457581040094033,45351340.0,6.790000000000001,18.34
325,Sweden,2014,84938.736,0.5713262672331816,65018.266,0.4286736647066237,43477930.0,6.459999999999999,18.21
326,Sweden,2015,101667.226,0.6223210317666713,57377.777,0.3776790374901975,43741732.0,6.531999999999999,18.34
327,Sweden,2016,88471.466,0.5503052400695418,64059.097,0.4496947599304581,43415984.0,6.023999999999999,18.47
328,Sweden,2017,94168.45,0.5740281703069201,66357.546,0.4259718296930799,42704240.0,6.072,18.51
329,Sweden,2018,90348.382762,0.576878778452722,69328.617235,0.4231212214851472,42094908.0,6.234,18.2
330,Sweden,2019,98074.461625,0.6245469365377876,67570.538377,0.3754530635874092,40982492.0,6.086,17.85
331,Switzerland,2010,38796.51,0.5554988618830107,27334.328,0.4445007986339201,45045708.0,12.716,16.27
332,Switzerland,2011,35354.459,0.5030333113355316,27604.397,0.4969666886644684,40985230.0,12.959999999999999,16.0
333,Switzerland,2012,41755.87,0.5382060379540913,26403.145,0.4617937860440754,42253030.0,11.7,15.98
334,Switzerland,2013,41706.266,0.5362237447657086,26808.725,0.4637760797856298,43187724.0,11.344,15.94
335,Switzerland,2014,41856.425,0.5563778509030682,28129.517,0.4436223171752886,39233630.0,10.475999999999999,15.66
336,Switzerland,2015,42255.9,0.5520854082838665,23861.75,0.4479147992111869,38731820.0,10.782,15.62
337,Switzerland,2016,39423.574,0.669028399440089,22269.681,0.330971600559911,39185340.0,9.956,15.32
338,Switzerland,2017,40241.822,0.6429725871457034,21408.501,0.3570274128542967,38178644.0,9.854000000000001,15.15
339,Switzerland,2018,41232.025374,0.5303009503534966,26218.760654,0.4696990502045629,36873816.0,9.974,15.03
340,Switzerland,2019,44658.710074,0.5727964013895381,27080.478929,0.427203598786657,36733064.0,8.937999999999999,14.94
341,United States,2010,456142.223,0.1109252371873544,3702816.78,0.8890747600701221,5681392000.0,9.216,37.77
342,United States,2011,542625.391,0.1272295616650871,3593510.61,0.872770438334913,5546629000.0,9.288,38.0
343,United States,2012,522776.507,0.1366558903936079,3554374.493,0.863344106635613,5345454000.0,9.0,37.96
344,United States,2013,550184.829,0.1271486192449887,3543216.182,0.8728513835699672,5480926000.0,8.684000000000001,37.99
345,United States,2014,568864.642,0.1396077251289672,3554687.356,0.8603922748710329,5528871000.0,8.553999999999998,37.94
346,United States,2015,576983.186,0.166262079586668,3532235.813,0.833737923479826,5376578000.0,8.25,38.06
347,United States,2016,647498.933,0.16544963970308,3471945.686,0.83455036029692,5251757600.0,7.481999999999999,38.01
348,United States,2017,728586.908,0.1652881542269616,3357415.699,0.8347118457730383,5210957300.0,7.894,37.32
349,United States,2018,750808.075112,0.1776033344663487,3486119.321881,0.8223966655336512,5376657400.0,8.074,37.57
350,United States,2019,775304.565448,0.1817813032724034,3420268.83155,0.8182186967246757,5259144000.0,7.136,37.72
